ID,Name,Lecturer,Credits
10001,Introduction to Python Programming,Moshe Cohen,3
10002,Data Structures and Algorithms,Leah Levi,4
10003,Database Management Systems,David Ben-David,3
10004,Machine Learning Fundamentals,Daniel Goldberg,3
10005,Web Development with Django,Ruth Weiss,4
10006,Computer Networks,Yossi Miller,3
10007,Software Engineering Principles,Tamar Cohen,4
10008,Artificial Intelligence,Avraham Taylor,3
10009,Operating Systems,Shira Cohen,3
10010,Cybersecurity Fundamentals,Yitzhak Levi,4
10011,Computer Graphics,Esther Thomas,3
10012,Mobile Application Development,Noam Rodriguez,4
10013,Natural Language Processing,Sara Cohen,3
10014,Big Data Analytics,Eli Brown,3
