GroupNumber,Day,BeginningTime,Duration,Lecturer,Class
10,Thursday,12:00,2 hours,Tamar Cohen,M-202
11,Wednesday,09:00,2 hours,Yakov Taylor,M-202
12,Tuesday,14:00,2 hours,Eitan Weiss,M-105
13,Wednesday,13:00,1 hour,Tamar Cohen,L-103
14,Friday,13:00,1 hour,Yakov Taylor,L-206
15,Tuesday,14:00,1 hour,Eitan Weiss,L-104
16,Friday,12:00,1 hour,Tamar Cohen,EM-201
17,Friday,11:00,1 hour,Yakov Taylor,EM-209
18,Tuesday,09:00,1 hour,Eitan Weiss,EM-103
10,Friday,10:00,2 hours,Ruth Weiss,M-204
11,Wednesday,14:00,2 hours,Moshe Cohen,M-211
12,Thursday,11:00,2 hours,Adina Cohen,M-206
13,Monday,09:00,1 hour,Ruth Weiss,L-101
14,Friday,12:00,1 hour,Moshe Cohen,L-106
15,Thursday,14:00,1 hour,Adina Cohen,L-201
16,Monday,11:00,1 hour,Ruth Weiss,EM-204
17,Thursday,11:00,1 hour,Moshe Cohen,EM-204
18,Friday,12:00,1 hour,Adina Cohen,EM-107
10,Wednesday,13:00,2 hours,Shira Cohen,M-211
11,Wednesday,13:00,2 hours,Chava Weiss,M-202
12,Friday,13:00,2 hours,Yossi Miller,M-201
13,Tuesday,09:00,1 hour,Shira Cohen,L-211
14,Monday,13:00,1 hour,Chava Weiss,L-101
15,Tuesday,10:00,1 hour,Yossi Miller,L-201
16,Monday,10:00,1 hour,Shira Cohen,EM-205
17,Thursday,13:00,1 hour,Chava Weiss,EM-211
18,Monday,10:00,1 hour,Yossi Miller,EM-101
10,Tuesday,13:00,2 hours,Yossi Miller,M-105
11,Wednesday,14:00,2 hours,Avraham Taylor,M-206
12,Friday,12:00,2 hours,Eli Brown,M-107
13,Wednesday,10:00,1 hour,Yossi Miller,L-106
14,Tuesday,11:00,1 hour,Avraham Taylor,L-205
15,Tuesday,11:00,1 hour,Eli Brown,L-211
16,Tuesday,14:00,1 hour,Yossi Miller,EM-102
17,Wednesday,09:00,1 hour,Avraham Taylor,EM-202
18,Friday,13:00,1 hour,Eli Brown,EM-102
10,Wednesday,14:00,2 hours,Levi Miller,M-205
11,Wednesday,13:00,2 hours,Miriam Thomas,M-209
12,Tuesday,14:00,2 hours,Moshe Cohen,M-211
13,Wednesday,13:00,1 hour,Levi Miller,L-101
14,Thursday,13:00,1 hour,Miriam Thomas,L-206
15,Friday,12:00,1 hour,Moshe Cohen,L-202
16,Wednesday,12:00,1 hour,Levi Miller,EM-202
17,Thursday,09:00,1 hour,Miriam Thomas,EM-201
18,Friday,09:00,1 hour,Moshe Cohen,EM-107
10,Thursday,12:00,2 hours,Zohar Levi,M-207
11,Friday,11:00,2 hours,Eitan Weiss,M-103
12,Tuesday,14:00,2 hours,Adina Cohen,M-102
13,Friday,13:00,1 hour,Zohar Levi,L-211
14,Tuesday,14:00,1 hour,Eitan Weiss,L-105
15,Tuesday,11:00,1 hour,Adina Cohen,L-106
16,Thursday,14:00,1 hour,Zohar Levi,EM-206
17,Monday,14:00,1 hour,Eitan Weiss,EM-203
18,Friday,10:00,1 hour,Adina Cohen,EM-208
10,Tuesday,10:00,2 hours,Moshe Cohen,M-103
11,Thursday,13:00,2 hours,Miriam Thomas,M-201
12,Wednesday,10:00,2 hours,Esther Thomas,M-202
13,Tuesday,13:00,1 hour,Moshe Cohen,L-102
14,Friday,14:00,1 hour,Miriam Thomas,L-208
15,Wednesday,09:00,1 hour,Esther Thomas,L-208
16,Thursday,10:00,1 hour,Moshe Cohen,EM-104
17,Friday,13:00,1 hour,Miriam Thomas,EM-203
18,Tuesday,13:00,1 hour,Esther Thomas,EM-208
10,Tuesday,11:00,2 hours,Chava Weiss,M-107
11,Wednesday,11:00,2 hours,Eliezer Brown,M-209
12,Tuesday,09:00,2 hours,Avi Cohen,M-201
13,Wednesday,14:00,1 hour,Chava Weiss,L-211
14,Tuesday,12:00,1 hour,Eliezer Brown,L-105
15,Wednesday,11:00,1 hour,Avi Cohen,L-207
16,Monday,10:00,1 hour,Chava Weiss,EM-203
17,Friday,10:00,1 hour,Eliezer Brown,EM-209
18,Thursday,10:00,1 hour,Avi Cohen,EM-103
10,Thursday,12:00,2 hours,Tamar Cohen,M-103
11,Wednesday,12:00,2 hours,Yosef Weiss,M-106
12,Monday,10:00,2 hours,Noam Rodriguez,M-201
13,Tuesday,12:00,1 hour,Tamar Cohen,L-107
14,Monday,14:00,1 hour,Yosef Weiss,L-105
15,Monday,10:00,1 hour,Noam Rodriguez,L-205
16,Wednesday,14:00,1 hour,Tamar Cohen,EM-210
17,Tuesday,13:00,1 hour,Yosef Weiss,EM-106
18,Wednesday,09:00,1 hour,Noam Rodriguez,EM-103
10,Monday,13:00,2 hours,Eliezer Brown,M-205
11,Thursday,12:00,2 hours,Moshe Cohen,M-105
12,Friday,10:00,2 hours,Avraham Taylor,M-104
13,Wednesday,10:00,1 hour,Eliezer Brown,L-207
14,Monday,13:00,1 hour,Moshe Cohen,L-208
15,Monday,12:00,1 hour,Avraham Taylor,L-207
16,Wednesday,09:00,1 hour,Eliezer Brown,EM-209
17,Tuesday,10:00,1 hour,Moshe Cohen,EM-207
18,Monday,10:00,1 hour,Avraham Taylor,EM-103
10,Friday,12:00,2 hours,Daniel Goldberg,M-102
11,Thursday,10:00,2 hours,Hannah Cohen,M-105
12,Friday,12:00,2 hours,Esther Thomas,M-106
13,Thursday,11:00,1 hour,Daniel Goldberg,L-201
14,Friday,11:00,1 hour,Hannah Cohen,L-207
15,Thursday,10:00,1 hour,Esther Thomas,L-106
16,Monday,11:00,1 hour,Daniel Goldberg,EM-201
17,Monday,11:00,1 hour,Hannah Cohen,EM-104
18,Monday,11:00,1 hour,Esther Thomas,EM-209
10,Monday,10:00,2 hours,Eliyahu Thomas,M-202
11,Friday,09:00,2 hours,Lior Taylor,M-107
12,Monday,09:00,2 hours,Shira Brown,M-107
13,Wednesday,09:00,1 hour,Eliyahu Thomas,L-211
14,Thursday,14:00,1 hour,Lior Taylor,L-101
15,Friday,14:00,1 hour,Shira Brown,L-205
16,Thursday,10:00,1 hour,Eliyahu Thomas,EM-205
17,Tuesday,10:00,1 hour,Lior Taylor,EM-201
18,Monday,12:00,1 hour,Shira Brown,EM-210
10,Wednesday,13:00,2 hours,Ruth Weiss,M-204
11,Friday,13:00,2 hours,Adina Cohen,M-104
12,Wednesday,14:00,2 hours,Chava Weiss,M-104
13,Wednesday,10:00,1 hour,Ruth Weiss,L-107
14,Wednesday,10:00,1 hour,Adina Cohen,L-202
15,Wednesday,11:00,1 hour,Chava Weiss,L-208
16,Wednesday,12:00,1 hour,Ruth Weiss,EM-103
17,Thursday,12:00,1 hour,Adina Cohen,EM-101
18,Monday,13:00,1 hour,Chava Weiss,EM-201
10,Friday,13:00,2 hours,Zohar Levi,M-201
11,Monday,14:00,2 hours,Eli Brown,M-207
12,Thursday,09:00,2 hours,Ruth Weiss,M-105
13,Monday,13:00,1 hour,Zohar Levi,L-106
14,Wednesday,09:00,1 hour,Eli Brown,L-210
15,Wednesday,11:00,1 hour,Ruth Weiss,L-210
16,Wednesday,14:00,1 hour,Zohar Levi,EM-101
17,Wednesday,13:00,1 hour,Eli Brown,EM-102
18,Friday,12:00,1 hour,Ruth Weiss,EM-107
10005,lab,11,Wednesday,13:00,2 hours
10009,lecture,15,Monday,10:00,1 hour
10013,tutorial,16,Wednesday,12:00,1 hour
10013,tutorial,18,Monday,13:00,1 hour
10014,lecture,14,Wednesday,09:00,1 hour
10014,lecture,15,Wednesday,11:00,1 hour
10014,lab,11,Monday,14:00,2 hours
10014,lab,12,Thursday,09:00,2 hours
10008,lecture,13,Wednesday,14:00,1 hour
10008,lecture,14,Tuesday,12:00,1 hour
10008,lecture,15,Wednesday,11:00,1 hour
10010,tutorial,17,Tuesday,10:00,1 hour
10010,tutorial,18,Monday,10:00,1 hour
10007,lecture,13,Tuesday,13:00,1 hour
10007,lecture,14,Friday,14:00,1 hour
10003,lecture,14,Monday,13:00,1 hour
10003,lecture,15,Tuesday,10:00,1 hour
10005,tutorial,16,Wednesday,12:00,1 hour
10005,tutorial,18,Friday,09:00,1 hour
