ID,Name
100000001,Moshe Cohen
100000002,Leah Levi
100000003,David Ben-David
100000004,Daniel Goldberg
100000005,Ruth Weiss
100000006,Yossi Miller
100000007,Tamar Cohen
100000008,Avraham Taylor
100000009,Shira Cohen
100000010,Yitzhak Levi
100000011,Esther Thomas
100000012,Noam Rodriguez
100000013,Sara Cohen
100000014,Eli Brown
100000015,Chava Weiss
100000016,Levi Miller
100000017,Yael Taylor
100000018,Yonatan Cohen
100000019,Zohar Levi
100000020,Miriam Thomas
100000021,Nathan Cohen
100000022,Eliezer Brown
100000023,Yosef Weiss
100000024,Gila Cohen
100000025,Yakov Taylor
100000026,Avi Cohen
100000027,Michal Levi
100000028,Eliyahu Thomas
100000029,Adina Cohen
100000030,Shira Brown
100000031,Eitan Weiss
100000032,Hannah Cohen
100000033,Lior Taylor
